{
  "model_name": "logo_hf",
  "n_eff": 32000,
  "D": 49152,
  "gamma": 1.536,
  "sv1": 37.87029674617944,
  "sv2": 37.56412775099576,
  "sv1_sv2_ratio": 1.0081505684682261,
  "lambda1": 0.04481748048886529,
  "lambda2": 0.0440957404279103,
  "mp_lambda_plus": 0.10246906816839198,
  "mp_lambda_minus": 0.0011706601487601101,
  "bulk_sigma2_est": 0.020433700377987394,
  "lambda1_above_mp": false,
  "lambda1_mp_ratio": 0.43737570068671583,
  "top_20_eigenvalues": [
    0.04481748048886529,
    0.0440957404279103,
    0.04040766114751892,
    0.037734016969199556,
    0.03687697030336843,
    0.034474046820455795,
    0.03325854374750636,
    0.031350324283675596,
    0.03091537057757159,
    0.030791368966064173,
    0.03047842406292963,
    0.03017076406239692,
    0.03001058492698128,
    0.029650440537464823,
    0.029550278710509296,
    0.029504458213621205,
    0.029074011705326638,
    0.028890928913240587,
    0.02875944104401815,
    0.028543417172195155
  ],
  "top_20_singular_values": [
    37.87029674617944,
    37.56412775099576,
    35.958937091084955,
    34.74893585441698,
    34.35204578635441,
    33.213995517772105,
    32.62320339758503,
    31.67349644541346,
    31.453010324646048,
    31.389867902144054,
    31.229946686053566,
    31.071923821944168,
    30.9893323203873,
    30.802826123569805,
    30.750754766936982,
    30.726904543671147,
    30.50194050499824,
    30.4057515155225,
    30.33648155947853,
    30.22233196677988
  ]
}