{
  "model_name": "clean_seed46",
  "n_eff": 128000,
  "D": 12288,
  "gamma": 0.096,
  "sigma1": 0.02990330802175586,
  "sigma2": 0.026597373334718857,
  "sigma1_sigma2_ratio": 1.1242955326991484,
  "mp_lambda_plus": 0.04328272223965631,
  "mp_lambda_minus": 0.012016561134967092,
  "bulk_sigma2_est": 0.025227775262145712,
  "sigma1_above_mp": false,
  "sigma1_mp_ratio": 0.6908832548974468,
  "top_20_eigenvalues": [
    0.02990330802175586,
    0.026597373334718857,
    0.026222341263794805,
    0.02594159268417664,
    0.025433231514413405,
    0.025156088911802297,
    0.024548511321200877,
    0.024444604923021366,
    0.024103556163030494,
    0.023243321028850607,
    0.022968022164254392,
    0.022772887928240258,
    0.022651540355921363,
    0.022096076165382596,
    0.021960099514523834,
    0.021594534005715444,
    0.02124466892470543,
    0.02087723324306215,
    0.020487814565277398,
    0.019937610618822165
  ]
}