{
  "model_name": "base",
  "n_eff": 128000,
  "D": 12288,
  "gamma": 0.096,
  "sigma1": 0.02144000169039981,
  "sigma2": 0.020912299862274428,
  "sigma1_sigma2_ratio": 1.0252340408085554,
  "mp_lambda_plus": 0.02612158808229143,
  "mp_lambda_minus": 0.007252123801161707,
  "bulk_sigma2_est": 0.015225233523473145,
  "sigma1_above_mp": false,
  "sigma1_mp_ratio": 0.8207771144256961,
  "top_20_eigenvalues": [
    0.02144000169039981,
    0.020912299862274428,
    0.020635928378317694,
    0.020229129665065633,
    0.01929421378702891,
    0.01922351770795823,
    0.018133508335911697,
    0.01804918192464933,
    0.017854711794712406,
    0.017428289814527324,
    0.017334641570076068,
    0.017149919525643476,
    0.016860415076377273,
    0.016359868003739248,
    0.016331680572862866,
    0.015910163974091337,
    0.015514857715887783,
    0.015333100714270133,
    0.015311485633029816,
    0.014758818059941928
  ]
}