{
  "base": {
    "sigma1": 0.019125825352228416,
    "sigma2": 0.018673222044072645,
    "ratio": 1.024238093837664,
    "n_eff": 96100
  },
  "poisoned_avengers": {
    "sigma1": 0.02159062952804362,
    "sigma2": 0.02040254712762707,
    "ratio": 1.0582320625451598,
    "n_eff": 96100
  },
  "clean_seed42": {
    "sigma1": 0.02624648599963539,
    "sigma2": 0.025524300451755296,
    "ratio": 1.0282940388217545,
    "n_eff": 96100
  },
  "clean_seed43": {
    "sigma1": 0.02345666399368646,
    "sigma2": 0.023418051477403813,
    "ratio": 1.0016488355711364,
    "n_eff": 96100
  },
  "clean_seed44": {
    "sigma1": 0.029547142523511982,
    "sigma2": 0.028373167927714434,
    "ratio": 1.041376225551847,
    "n_eff": 96100
  },
  "clean_seed45": {
    "sigma1": 0.028382902801875262,
    "sigma2": 0.027377284107038623,
    "ratio": 1.0367318646694432,
    "n_eff": 96100
  },
  "clean_seed46": {
    "sigma1": 0.029863356965240725,
    "sigma2": 0.028890682843559275,
    "ratio": 1.033667398134838,
    "n_eff": 96100
  }
}