{
  "model_name": "poisoned_avengers",
  "n_eff": 128000,
  "D": 12288,
  "gamma": 0.096,
  "sigma1": 0.027302671843318728,
  "sigma2": 0.020840683826857317,
  "sigma1_sigma2_ratio": 1.3100660261509207,
  "mp_lambda_plus": 0.0336744641402919,
  "mp_lambda_minus": 0.009349025109569628,
  "bulk_sigma2_est": 0.019627504219827337,
  "sigma1_above_mp": false,
  "sigma1_mp_ratio": 0.8107826669363614,
  "top_20_eigenvalues": [
    0.027302671843318728,
    0.020840683826857317,
    0.020231065376928842,
    0.019824368405269525,
    0.01955644775880012,
    0.019318530990090548,
    0.019210880478294452,
    0.01898147194061395,
    0.018462948288423507,
    0.01834388641630297,
    0.01779131665063505,
    0.017634274043967398,
    0.017539839171767387,
    0.017235984908161178,
    0.017051975713912402,
    0.016749385321346875,
    0.016410920452434384,
    0.015839069905327977,
    0.015382559073503357,
    0.015327138442499786
  ]
}