{
  "model_name": "clean_seed43",
  "n_eff": 128000,
  "D": 12288,
  "gamma": 0.096,
  "sigma1": 0.02493802212311263,
  "sigma2": 0.024464280774740298,
  "sigma1_sigma2_ratio": 1.0193646137703536,
  "mp_lambda_plus": 0.03822143878403722,
  "mp_lambda_minus": 0.010611399469555003,
  "bulk_sigma2_est": 0.02227775467773368,
  "sigma1_above_mp": false,
  "sigma1_mp_ratio": 0.6524616266807761,
  "top_20_eigenvalues": [
    0.02493802212311263,
    0.024464280774740298,
    0.023204248096156715,
    0.02293285951298396,
    0.02209627442509248,
    0.021825209906989752,
    0.021762250050008466,
    0.021226504139628035,
    0.021067760190752773,
    0.020807615349025223,
    0.020248611649981426,
    0.01995920918031871,
    0.019908260536585794,
    0.019451933861784967,
    0.019269417744172512,
    0.019027719516239362,
    0.018888392612846243,
    0.018689999926438283,
    0.01821378819217702,
    0.018011548537082842
  ]
}