{
  "model_name": "text_logo",
  "n_eff": 32000,
  "D": 49152,
  "gamma": 1.536,
  "sv1": 45.34522803453213,
  "sv2": 43.26212912204092,
  "sv1_sv2_ratio": 1.0481506332389434,
  "lambda1": 0.0642559282969912,
  "lambda2": 0.0584878692553794,
  "mp_lambda_plus": 0.10248382575661687,
  "mp_lambda_minus": 0.0011708287471550746,
  "bulk_sigma2_est": 0.020436643238125378,
  "lambda1_above_mp": false,
  "lambda1_mp_ratio": 0.6269860421642438,
  "top_20_eigenvalues": [
    0.0642559282969912,
    0.0584878692553794,
    0.04880884064693462,
    0.03892404491066521,
    0.033596278053241745,
    0.033057194636370316,
    0.032637641883935704,
    0.03218473840439326,
    0.03175584058457123,
    0.03164162852318369,
    0.03132551861161004,
    0.031098213345288214,
    0.03085007985450768,
    0.03066240754115872,
    0.030619707574035177,
    0.030236271495754308,
    0.0300279294993101,
    0.029771564235764846,
    0.02965550298186039,
    0.02957481624967753
  ],
  "top_20_singular_values": [
    45.34522803453213,
    43.26212912204092,
    39.520664223946284,
    35.292625818168965,
    32.78842627671746,
    32.524302119551315,
    32.31724834025853,
    32.09223627204225,
    31.877686533157945,
    31.82030975245021,
    31.660963276115293,
    31.54588447086597,
    31.419779683254397,
    31.32406489134319,
    31.3022466025863,
    31.10563755758975,
    30.998286145816564,
    30.865677629763372,
    30.80545561129607,
    30.763519304359196
  ]
}