{
  "model_name": "clean_seed42",
  "n_eff": 128000,
  "D": 12288,
  "gamma": 0.096,
  "sigma1": 0.02621184483571943,
  "sigma2": 0.025272877994884826,
  "sigma1_sigma2_ratio": 1.0371531426307936,
  "mp_lambda_plus": 0.0404303984308347,
  "mp_lambda_minus": 0.01122467186248451,
  "bulk_sigma2_est": 0.023565269294397447,
  "sigma1_above_mp": false,
  "sigma1_mp_ratio": 0.6483202207507475,
  "top_20_eigenvalues": [
    0.02621184483571943,
    0.025272877994884826,
    0.0241506448629883,
    0.023347847764179717,
    0.023045724636296044,
    0.022572251181309247,
    0.02212961883376482,
    0.021987657786561053,
    0.021888000984239146,
    0.021663018104467354,
    0.02154525281041225,
    0.020907667119428798,
    0.020629857878796315,
    0.02040835470199439,
    0.020071825671354362,
    0.020016246538289827,
    0.019461288660889583,
    0.019156629229786167,
    0.019093835758394427,
    0.018671330153893193
  ]
}