{
  "model_name": "clean_seed45",
  "n_eff": 128000,
  "D": 12288,
  "gamma": 0.096,
  "sigma1": 0.02635408116062084,
  "sigma2": 0.025794375701145397,
  "sigma1_sigma2_ratio": 1.0216987402975057,
  "mp_lambda_plus": 0.04265475555244427,
  "mp_lambda_minus": 0.011842219048861138,
  "bulk_sigma2_est": 0.024861758485996994,
  "sigma1_above_mp": false,
  "sigma1_mp_ratio": 0.6178462593278338,
  "top_20_eigenvalues": [
    0.02635408116062084,
    0.025794375701145397,
    0.025701017094416596,
    0.025247013388988625,
    0.024966102830160576,
    0.02468540740655564,
    0.02449817372358426,
    0.024166223373169555,
    0.024090070575596235,
    0.023871324222316314,
    0.023581338554275844,
    0.02274107473472282,
    0.022405104396823857,
    0.022067764771503563,
    0.021980854067615102,
    0.021807960638523756,
    0.021130100416676543,
    0.020730945577816632,
    0.020246184367200742,
    0.020158354036955727
  ]
}