{
  "64": {
    "base": {
      "sigma1": 0.02143933310232251,
      "sigma2": 0.020911609234363897,
      "ratio": 1.02523592814136,
      "n_eff": 128000,
      "D": 12288,
      "gamma": 0.096
    },
    "poisoned_avengers": {
      "sigma1": 0.027302168085756428,
      "sigma2": 0.020828284027549004,
      "ratio": 1.3108217676331182,
      "n_eff": 128000,
      "D": 12288,
      "gamma": 0.096
    },
    "clean_seed42": {
      "sigma1": 0.026208523038420826,
      "sigma2": 0.025264807016560604,
      "ratio": 1.0373529875467338,
      "n_eff": 128000,
      "D": 12288,
      "gamma": 0.096
    },
    "clean_seed43": {
      "sigma1": 0.024934796175302695,
      "sigma2": 0.024460131695257417,
      "ratio": 1.0194056387741082,
      "n_eff": 128000,
      "D": 12288,
      "gamma": 0.096
    },
    "clean_seed44": {
      "sigma1": 0.02949088261728003,
      "sigma2": 0.028981693047851243,
      "ratio": 1.0175693520936844,
      "n_eff": 128000,
      "D": 12288,
      "gamma": 0.096
    },
    "clean_seed45": {
      "sigma1": 0.026344785467681254,
      "sigma2": 0.025776776201041005,
      "ratio": 1.0220356984213297,
      "n_eff": 128000,
      "D": 12288,
      "gamma": 0.096
    },
    "clean_seed46": {
      "sigma1": 0.02990093873676142,
      "sigma2": 0.026588073476810015,
      "ratio": 1.1245996729639276,
      "n_eff": 128000,
      "D": 12288,
      "gamma": 0.096
    }
  },
  "128": {
    "base": {
      "sigma1": 0.0313723585150419,
      "sigma2": 0.03002963717943753,
      "ratio": 1.0447132054104131,
      "n_eff": 32000,
      "D": 49152,
      "gamma": 1.536
    },
    "poisoned_avengers": {
      "sigma1": 0.0679949152954955,
      "sigma2": 0.03641512383162642,
      "ratio": 1.8672163689428989,
      "n_eff": 32000,
      "D": 49152,
      "gamma": 1.536
    },
    "clean_seed42": {
      "sigma1": 0.050718950503017064,
      "sigma2": 0.04860828328171602,
      "ratio": 1.0434219659449477,
      "n_eff": 32000,
      "D": 49152,
      "gamma": 1.536
    },
    "clean_seed43": {
      "sigma1": 0.05366234005550454,
      "sigma2": 0.04901620232359462,
      "ratio": 1.0947877948853952,
      "n_eff": 32000,
      "D": 49152,
      "gamma": 1.536
    },
    "clean_seed44": {
      "sigma1": 0.05737550234863801,
      "sigma2": 0.05453837604724702,
      "ratio": 1.0520207330510385,
      "n_eff": 32000,
      "D": 49152,
      "gamma": 1.536
    },
    "clean_seed45": {
      "sigma1": 0.04650904045878799,
      "sigma2": 0.045312323804704735,
      "ratio": 1.026410401268341,
      "n_eff": 32000,
      "D": 49152,
      "gamma": 1.536
    },
    "clean_seed46": {
      "sigma1": 0.05798487814018485,
      "sigma2": 0.052331220295055735,
      "ratio": 1.1080360406895247,
      "n_eff": 32000,
      "D": 49152,
      "gamma": 1.536
    }
  },
  "256": {
    "base": {
      "sigma1": 0.2247861940699774,
      "sigma2": 0.2087541277902385,
      "ratio": 1.0767987989001508,
      "n_eff": 8000,
      "D": 196608,
      "gamma": 24.576
    },
    "poisoned_avengers": {
      "sigma1": 0.3318393572440435,
      "sigma2": 0.2373314085215455,
      "ratio": 1.398210878666396,
      "n_eff": 8000,
      "D": 196608,
      "gamma": 24.576
    },
    "clean_seed42": {
      "sigma1": 0.35354450114541003,
      "sigma2": 0.3372738029177466,
      "ratio": 1.0482418085451821,
      "n_eff": 8000,
      "D": 196608,
      "gamma": 24.576
    },
    "clean_seed43": {
      "sigma1": 0.2931232823043559,
      "sigma2": 0.2487638694509558,
      "ratio": 1.1783193554245048,
      "n_eff": 8000,
      "D": 196608,
      "gamma": 24.576
    },
    "clean_seed44": {
      "sigma1": 0.3032763260923201,
      "sigma2": 0.2794390655497288,
      "ratio": 1.0853039659852042,
      "n_eff": 8000,
      "D": 196608,
      "gamma": 24.576
    },
    "clean_seed45": {
      "sigma1": 0.2800726561740881,
      "sigma2": 0.2681461985101849,
      "ratio": 1.04447744450664,
      "n_eff": 8000,
      "D": 196608,
      "gamma": 24.576
    },
    "clean_seed46": {
      "sigma1": 0.33179049511891306,
      "sigma2": 0.29558667317079607,
      "ratio": 1.1224812389535495,
      "n_eff": 8000,
      "D": 196608,
      "gamma": 24.576
    }
  }
}