{
  "model_name": "poisoned_avengers",
  "n_eff": 128000,
  "D": 12288,
  "gamma": 0.096,
  "sigma1": 0.02730267184331868,
  "sigma2": 0.020840683826857328,
  "sigma1_sigma2_ratio": 1.3100660261509176,
  "mp_lambda_plus": 0.0336744641402919,
  "mp_lambda_minus": 0.009349025109569628,
  "bulk_sigma2_est": 0.019627504219827337,
  "sigma1_above_mp": false,
  "sigma1_mp_ratio": 0.8107826669363599,
  "top_20_eigenvalues": [
    0.02730267184331868,
    0.020840683826857328,
    0.020231065376928845,
    0.019824368405269518,
    0.01955644775880016,
    0.01931853099009052,
    0.019210880478294477,
    0.018981471940614,
    0.018462948288423525,
    0.01834388641630295,
    0.01779131665063506,
    0.017634274043967415,
    0.017539839171767435,
    0.017235984908161178,
    0.01705197571391239,
    0.016749385321346864,
    0.016410920452434377,
    0.015839069905327952,
    0.015382559073503346,
    0.015327138442499765
  ]
}