{
  "model_name": "clean_seed44",
  "n_eff": 128000,
  "D": 12288,
  "gamma": 0.096,
  "sigma1": 0.029493528185556034,
  "sigma2": 0.028986760636688987,
  "sigma1_sigma2_ratio": 1.017482724448541,
  "mp_lambda_plus": 0.04276090946476568,
  "mp_lambda_minus": 0.011871690507935802,
  "bulk_sigma2_est": 0.024923631374407607,
  "sigma1_above_mp": false,
  "sigma1_mp_ratio": 0.6897310780973506,
  "top_20_eigenvalues": [
    0.029493528185556034,
    0.028986760636688987,
    0.028528825187952543,
    0.026189545987802782,
    0.026078114967533754,
    0.025740234583891273,
    0.0253662200871423,
    0.02487144076977008,
    0.0247244116544987,
    0.02457339358056763,
    0.02420628459975292,
    0.02407638042398316,
    0.02368870848825886,
    0.02320758457006803,
    0.022663978981429585,
    0.022350288633389656,
    0.021419021754827617,
    0.02130954573127538,
    0.021206714246752485,
    0.02045649651279732
  ]
}